time,ax (m/s^2),ay (m/s^2),az (m/s^2),aT (m/s^2)
0.001069,-0.0294,-0.0007,-0.2640,0.266
0.024592,-0.0079,-0.0079,0.0323,0.034
0.025153,-0.0106,-0.0030,0.0270,0.029
0.026692,-0.0108,-0.0006,-0.0323,0.034
0.039663,-0.0132,-0.0075,-0.0011,0.015
0.046580,-0.0107,0.0021,-0.0011,0.011
0.057433,0.0011,-0.0121,-0.0105,0.016
0.066429,-0.0132,-0.0094,0.0014,0.016
0.077090,-0.0132,0.0050,-0.0198,0.024
0.092638,-0.0130,0.0002,-0.0124,0.018
0.096945,-0.0153,-0.0115,-0.0027,0.019
0.109567,0.0037,-0.0017,-0.0027,0.005
0.117066,0.0012,-0.0087,-0.0027,0.009
0.127095,0.0010,-0.0133,0.0045,0.014
0.142994,-0.0110,-0.0085,-0.0239,0.028
0.146942,-0.0016,0.0010,0.0001,0.002
0.156767,-0.0040,-0.0039,-0.0070,0.009
0.166930,0.0077,0.0056,-0.0069,0.012
0.177174,-0.0067,-0.0016,0.0050,0.008
0.190997,0.0029,0.0149,-0.0045,0.016
0.197156,0.0076,0.0053,0.0050,0.011
0.208879,-0.0068,0.0052,0.0049,0.010
0.217366,-0.0023,0.0005,0.0025,0.003
0.227396,-0.0070,-0.0019,-0.0023,0.008
0.241202,0.0000,0.0052,-0.0022,0.006
0.247054,0.0045,0.0027,-0.0046,0.007
0.257370,-0.0097,-0.0020,-0.0021,0.010
0.267561,-0.0050,-0.0043,-0.0021,0.007
0.277223,-0.0003,0.0100,0.0027,0.010
0.293396,0.0046,0.0074,-0.0092,0.013
0.297470,0.0115,0.0003,0.0004,0.012
0.309922,-0.0053,-0.0044,-0.0067,0.010
0.317779,-0.0053,0.0098,-0.0042,0.012
0.327371,0.0042,0.0097,-0.0065,0.012
0.341093,-0.0052,0.0025,-0.0064,0.009
0.347792,-0.0029,-0.0022,0.0008,0.004
0.359285,-0.0007,0.0073,0.0008,0.007
0.367836,-0.0125,-0.0021,-0.0110,0.017
0.378193,-0.0126,0.0002,-0.0085,0.015
0.390837,0.0017,0.0048,0.0011,0.005
0.397712,-0.0007,-0.0048,-0.0013,0.005
0.408561,-0.0174,0.0118,-0.0130,0.025
0.418083,-0.0123,-0.0002,0.0013,0.012
0.428095,0.0065,-0.0002,-0.0105,0.012
0.441727,0.0132,0.0022,-0.0009,0.013
0.449751,-0.0035,-0.0002,-0.0056,0.007
0.458417,-0.0012,0.0021,-0.0055,0.006
0.468669,-0.0152,0.0044,-0.0054,0.017
0.478361,-0.0009,-0.0167,-0.0100,0.019
0.493054,0.0038,0.0001,0.0019,0.004
0.498678,-0.0081,0.0048,-0.0122,0.015
0.510833,-0.0105,-0.0046,-0.0073,0.014
0.518198,-0.0103,0.0050,-0.0025,0.012
0.528479,-0.0078,0.0026,-0.0048,0.010
0.543651,0.0064,-0.0044,-0.0071,0.011
0.548505,-0.0055,-0.0091,-0.0140,0.018
0.562396,-0.0102,-0.0019,0.0027,0.011
0.578203,-0.0124,-0.0138,0.0026,0.019
0.578909,-0.0005,0.0029,0.0073,0.008
0.593900,-0.0053,0.0076,-0.0022,0.010
0.598852,-0.0030,-0.0138,0.0119,0.018
0.609355,-0.0103,0.0029,0.0070,0.013
0.619238,-0.0057,-0.0065,-0.0002,0.009
0.628744,0.0037,0.0007,0.0046,0.006
0.644831,-0.0081,0.0007,-0.0049,0.010
0.648928,-0.0059,0.0054,-0.0049,0.009
0.659734,-0.0107,0.0006,0.0046,0.012
0.675730,0.0059,0.0145,-0.0096,0.018
0.679269,-0.0059,-0.0044,-0.0047,0.009
0.692281,-0.0104,-0.0185,-0.0117,0.024
0.699180,-0.0083,-0.0065,-0.0068,0.013
0.709881,-0.0130,0.0149,-0.0043,0.020
0.719377,0.0059,0.0005,0.0028,0.007
0.729598,0.0010,-0.0042,0.0098,0.011
0.745994,0.0011,-0.0017,-0.0139,0.014
0.749028,-0.0036,0.0054,-0.0019,0.007
0.759310,-0.0083,-0.0041,0.0076,0.012
0.778016,-0.0084,-0.0018,-0.0043,0.010
0.779570,-0.0060,0.0053,-0.0137,0.016
0.793537,-0.0014,-0.0064,-0.0017,0.007
0.799537,-0.0038,-0.0016,-0.0087,0.010
0.812035,-0.0084,0.0008,0.0009,0.008
0.819827,0.0013,0.0149,-0.0062,0.016
0.829942,-0.0012,0.0241,-0.0061,0.025
0.842300,-0.0011,0.0120,0.0081,0.015
0.851113,-0.0034,0.0118,0.0033,0.013
0.860632,-0.0080,-0.0073,-0.0062,0.012
0.869830,0.0087,-0.0048,-0.0014,0.010
0.879712,0.0011,-0.0117,0.0057,0.013
0.893308,0.0034,0.0004,-0.0156,0.016
0.900196,-0.0015,0.0075,0.0059,0.010
0.910212,-0.0084,-0.0113,-0.0084,0.016
0.925105,-0.0012,-0.0087,-0.0011,0.009
0.930286,-0.0081,0.0009,0.0436,0.044
0.941600,-0.0129,-0.0014,-0.0019,0.013
0.950151,-0.0079,-0.0036,0.0052,0.010
0.959869,-0.0030,-0.0104,-0.0113,0.016
0.969888,-0.0031,-0.0006,-0.0088,0.009
0.980177,0.0017,-0.0170,0.0008,0.017
0.992349,0.0111,-0.0026,-0.0039,0.012
1.000118,-0.0125,0.0164,0.0032,0.021
1.010390,-0.0053,-0.0028,-0.0039,0.007
1.025371,-0.0050,0.0065,-0.0039,0.009
1.030171,-0.0117,0.0086,-0.0132,0.020
1.043993,-0.0046,-0.0010,-0.0083,0.010
1.051041,0.0049,0.0108,0.0107,0.016
1.060638,-0.0092,-0.0083,0.0011,0.012
1.070667,0.0094,0.0038,-0.0036,0.011
1.080481,0.0020,0.0061,0.0058,0.009
1.097740,0.0020,-0.0034,-0.0037,0.005
1.101183,-0.0003,-0.0056,-0.0107,0.012
1.111399,-0.0072,0.0084,-0.0011,0.011
1.128157,0.0021,-0.0011,0.0036,0.004
1.130744,0.0020,0.0035,0.0036,0.005
1.143908,-0.0050,0.0105,0.0059,0.013
1.150979,-0.0052,0.0055,-0.0036,0.008
1.162483,0.0020,0.0030,-0.0036,0.005
1.178062,-0.0122,0.0146,-0.0082,0.021
1.181040,-0.0097,-0.0114,0.0060,0.016
1.196721,0.0000,-0.0043,0.0012,0.005
1.201933,-0.0003,0.0052,0.0012,0.005
1.214629,-0.0145,-0.0113,0.0035,0.019
1.231103,-0.0049,-0.0066,0.0058,0.010
1.231821,-0.0143,0.0053,0.0152,0.021
1.247261,-0.0045,0.0124,-0.0039,0.014
1.252174,0.0028,0.0170,-0.0039,0.018
1.261943,-0.0165,-0.0260,-0.1686,0.171
1.279802,0.0241,-0.0158,-0.4059,0.407
1.282572,0.0170,0.0104,0.0081,0.022
1.295351,-0.0045,-0.0063,-0.0485,0.049
1.303420,-0.0114,-0.0131,0.0064,0.019
1.312588,-0.0159,-0.0011,-0.0054,0.017
1.328571,-0.0086,0.0036,0.0017,0.009
1.332620,-0.0015,-0.0081,-0.0007,0.008
1.346824,-0.0015,0.0085,0.0064,0.011
1.353159,0.0033,0.0037,-0.0008,0.005
1.362450,0.0126,0.0130,0.0110,0.021
1.380021,-0.0088,0.0291,0.0108,0.032
1.382292,0.0029,0.0050,0.0201,0.021
1.401444,0.0003,0.0002,-0.0014,0.001
1.402064,0.0005,0.0049,0.0151,0.016
1.421756,0.0074,-0.0000,0.0172,0.019
1.422584,-0.0092,-0.0070,-0.0090,0.015
1.432864,0.0141,-0.0186,-0.0089,0.025
1.447740,-0.0147,-0.0065,0.0784,0.080
1.452400,-0.0513,0.0010,-0.0548,0.075
1.464629,0.0226,0.0202,-0.1409,0.144
1.481242,0.0151,0.0176,0.0333,0.041
1.482429,0.0123,0.0315,0.0115,0.036
1.499509,0.0002,0.0050,0.0255,0.026
1.502566,0.0024,0.0024,0.0133,0.014
1.517143,0.0048,0.0092,-0.0011,0.010
1.532310,-0.0045,0.0139,0.0036,0.015
1.533411,0.0121,0.0160,-0.0035,0.020
1.550232,-0.0093,0.0087,0.0083,0.015
1.553668,-0.0070,-0.0009,0.0200,0.021
1.565643,0.0072,-0.0034,0.0126,0.015
1.581840,-0.0072,-0.0055,-0.0018,0.009
1.583008,-0.0027,0.0063,-0.0206,0.022
1.599780,-0.0000,0.0133,-0.1215,0.122
1.612865,0.0206,0.0273,0.5280,0.529
1.614855,-0.0530,0.0009,0.1166,0.128
1.624165,-0.0075,-0.0156,-0.0054,0.018
1.633522,-0.0052,-0.0037,-0.0030,0.007
1.644703,0.0017,0.0012,-0.0241,0.024
1.653323,0.0087,0.0153,-0.0001,0.018
1.663211,-0.0196,0.0009,0.0140,0.024
1.678700,-0.0145,-0.0014,0.0161,0.022
1.682959,-0.0169,-0.0038,-0.0030,0.018
1.695453,-0.0143,-0.0107,0.0088,0.020
1.703400,-0.0141,-0.0104,-0.0102,0.020
1.713061,-0.0185,-0.0125,0.0324,0.039
1.729385,-0.0093,0.0346,0.6698,0.671
1.734570,-0.0593,-0.0014,0.1101,0.125
1.749474,0.0168,-0.0061,-0.0047,0.019
1.753257,0.0164,0.0151,0.0119,0.025
1.765351,0.0181,0.0102,-0.0189,0.028
1.786594,-0.0129,0.0077,-0.0139,0.020
1.787698,-0.0057,-0.0089,-0.0208,0.023
1.804382,-0.0010,-0.0064,-0.0228,0.024
1.805484,0.0060,-0.0204,-0.0247,0.033
1.817991,-0.0085,0.0059,0.0016,0.010
1.833249,-0.0251,0.0059,-0.0267,0.037
1.834389,-0.0035,-0.0105,-0.0168,0.020
1.847410,0.0129,-0.0150,-0.0071,0.021
1.854639,0.0078,-0.0148,-0.0047,0.017
1.866788,0.0008,0.0021,-0.0281,0.028
1.884413,-0.0202,-0.0024,-0.0983,0.100
1.885543,-0.0089,-0.0191,-0.1437,0.145
1.898425,0.0056,-0.0186,-0.5062,0.507
1.904974,0.0104,-0.0159,0.0060,0.020
1.918848,-0.0156,-0.0227,-0.0412,0.050
1.932444,-0.0202,-0.0080,0.0395,0.045
1.935006,-0.0033,0.0158,0.0153,0.022
1.948658,-0.0033,-0.0103,-0.0226,0.025
1.955096,-0.0081,0.0133,0.0037,0.016
1.967169,-0.0009,-0.0127,-0.0246,0.028
1.984199,-0.0006,0.0135,-0.0171,0.022
1.985276,0.0135,-0.0009,-0.0074,0.015
1.998664,-0.0007,0.0065,-0.0003,0.007
2.005395,0.0042,0.0040,0.0515,0.052
2.018776,0.0289,0.0105,0.0907,0.096
2.037238,-0.0499,-0.0370,0.1622,0.174
2.038561,-0.0258,-0.0128,0.0370,0.047
2.049982,-0.0020,-0.0054,-0.0318,0.032
2.057294,-0.0091,-0.0217,-0.0172,0.029
2.067588,-0.0114,0.0067,-0.0216,0.025
2.080558,-0.0090,-0.0005,-0.0048,0.010
2.085394,-0.0211,-0.0028,0.0000,0.021
2.098243,-0.0112,-0.0029,0.0047,0.013
2.105634,0.0030,-0.0052,-0.0048,0.008
2.119149,-0.0017,0.0066,-0.0118,0.014
2.135179,-0.0063,0.0042,-0.0139,0.016
2.136305,0.0008,-0.0030,0.0099,0.010
2.150754,-0.0039,0.0207,-0.0021,0.021
2.155408,-0.0131,0.0088,-0.0185,0.024
2.172240,0.0077,-0.0129,-0.1171,0.118
2.182400,0.0076,-0.0079,-0.2823,0.283
2.185804,0.0146,-0.0122,-0.0092,0.021
2.201990,-0.0067,-0.0001,-0.0349,0.036
2.205749,0.0075,-0.0047,0.0221,0.024
2.218066,-0.0069,-0.0116,0.0076,0.016
2.235024,-0.0138,-0.0185,-0.0090,0.025
2.236176,0.0051,-0.0133,0.0124,0.019
2.250286,-0.0159,0.0013,-0.0067,0.017
2.256232,0.0008,0.0086,-0.0065,0.011
2.268889,0.0032,0.0109,0.0100,0.015
2.286221,-0.0064,-0.0104,0.0075,0.014
2.287317,-0.0062,-0.0126,-0.0044,0.015
2.304421,-0.0226,0.0063,-0.1856,0.187
2.305489,0.0417,-0.0101,-0.2413,0.245
2.318931,0.0081,-0.0028,-0.0160,0.018
2.333892,0.0034,0.0139,-0.0369,0.040
2.336788,-0.0203,-0.0004,0.0296,0.036
2.350047,-0.0060,0.0137,0.0103,0.018
2.356301,-0.0130,-0.0005,0.0172,0.022
2.368619,-0.0083,-0.0004,0.0145,0.017
2.386937,0.0060,0.0112,-0.0069,0.014
2.388087,-0.0084,-0.0053,0.0050,0.011
2.400696,-0.0036,0.0160,-0.0092,0.019
2.406955,0.0106,0.0063,0.0003,0.012
2.421571,-0.0177,-0.0056,0.0121,0.022
2.438504,0.0132,-0.0033,0.0166,0.021
2.439490,-0.0033,-0.0008,-0.0260,0.026
2.451712,0.0358,0.0174,-0.0586,0.071
2.468995,-0.0316,-0.0491,0.1496,0.161
2.470114,-0.0360,-0.0320,0.0270,0.055
2.485160,-0.0072,-0.0222,-0.0182,0.030
2.486238,-0.0141,-0.0054,-0.0085,0.017
2.501739,-0.0022,-0.0265,-0.0083,0.028
2.519562,-0.0095,-0.0028,-0.0011,0.010
2.520755,-0.0025,0.0186,0.0130,0.023
2.534558,-0.0003,-0.0054,0.0128,0.014
2.537458,-0.0002,-0.0078,-0.0133,0.015
2.551751,-0.0026,-0.0076,-0.0037,0.009
2.557094,0.0067,0.0043,-0.0060,0.010
2.567335,-0.0029,0.0207,0.0177,0.027
2.586177,-0.0123,-0.0008,-0.0462,0.048
2.587312,0.0041,0.0037,-0.0501,0.050
2.601308,-0.0082,0.0012,0.4074,0.408
2.622232,-0.0368,-0.0152,0.0428,0.058
2.623360,0.0014,-0.0079,0.0256,0.027
2.633857,-0.0060,0.0016,-0.0078,0.010
2.647532,-0.0059,-0.0055,-0.0241,0.025
2.649061,-0.0036,-0.0076,0.0069,0.011
2.657706,-0.0152,-0.0099,-0.0003,0.018
2.667638,-0.0127,-0.0026,0.0021,0.013
2.684211,-0.0077,-0.0074,-0.0074,0.013
2.687428,-0.0055,0.0045,-0.0120,0.014
2.699321,0.0040,0.0209,-0.0071,0.022
2.715016,-0.0081,-0.0053,-0.0069,0.012
2.717333,0.0037,-0.0075,0.0026,0.009
2.731038,0.0106,-0.0096,0.0002,0.014
2.737389,-0.0081,0.0118,0.0049,0.015
2.747925,0.0053,0.0110,0.0189,0.023
2.763885,-0.0450,-0.0199,0.0539,0.073
2.767036,-0.0069,-0.0100,0.0248,0.028
2.782445,-0.0115,-0.0005,-0.0180,0.021
2.787408,-0.0114,0.0138,-0.0130,0.022
2.800262,-0.0185,-0.0030,-0.0081,0.020
2.818112,-0.0040,-0.0194,-0.0126,0.024
2.819281,-0.0111,0.0092,0.0064,0.016
2.833289,-0.0112,-0.0026,-0.0008,0.012
2.837427,0.0078,0.0163,-0.0125,0.022
2.849813,-0.0064,0.0044,-0.0170,0.019
2.865932,-0.0085,0.0137,-0.0050,0.017
2.867598,-0.0156,0.0138,-0.0261,0.033
2.880167,-0.0330,0.0350,-0.0398,0.062
2.888228,0.0097,0.0204,-0.0956,0.098
2.897648,-0.0023,0.0317,0.0261,0.041
2.907708,-0.0045,-0.0042,0.0021,0.006
2.920398,-0.0046,0.0264,0.0279,0.039
2.935459,0.0001,0.0047,0.0039,0.006
2.938668,-0.0046,0.0235,-0.0103,0.026
2.951472,0.0048,0.0091,0.0017,0.010
2.957921,-0.0048,0.0137,0.0087,0.017
2.970196,-0.0049,0.0042,0.0062,0.009
2.985163,-0.0095,-0.0171,0.0014,0.020
2.987936,0.0047,0.0021,-0.0363,0.037
3.003841,-0.0140,0.0067,-0.0098,0.018
3.019322,-0.0162,-0.0005,-0.0026,0.016
3.020453,-0.0066,0.0043,0.0022,0.008
3.034602,-0.0090,-0.0028,0.0022,0.010
3.039473,0.0098,0.0042,0.0021,0.011
3.053549,-0.0111,-0.0055,-0.0050,0.013
3.069600,0.0002,0.0059,-0.0308,0.031
3.070667,-0.0428,-0.0087,0.1486,0.155
3.087769,-0.0163,-0.0133,-0.0022,0.021
3.088876,-0.0138,-0.0294,0.0120,0.035
3.103575,-0.0113,-0.0078,-0.0094,0.017
3.118949,0.0030,-0.0099,-0.0139,0.017
3.120036,-0.0137,-0.0027,-0.0066,0.015
3.137876,0.0007,-0.0097,0.0099,0.014
3.138872,-0.0111,0.0140,0.0051,0.019
3.153430,-0.0065,0.0020,-0.0068,0.010
3.168291,0.0007,0.0041,-0.0043,0.006
3.169350,-0.0066,0.0017,-0.0066,0.010
3.185896,-0.0019,-0.0054,0.0053,0.008
3.189797,0.0074,0.0040,-0.0019,0.009
3.203634,0.0047,0.0039,0.0005,0.006
3.222355,-0.0026,-0.0151,-0.0042,0.016
3.223496,0.0068,0.0112,0.0147,0.020
3.238301,-0.0123,0.0110,0.0027,0.017
3.239388,-0.0027,0.0108,0.0050,0.012
3.253047,-0.0099,-0.0107,-0.0069,0.016
3.270760,0.0091,-0.0176,0.0050,0.020
3.271854,-0.0125,-0.0033,0.0049,0.014
3.286509,0.0016,-0.0008,0.0096,0.010
3.289666,-0.0127,0.0059,-0.0071,0.016
3.303682,-0.0148,0.0035,-0.0093,0.018
3.318731,0.0018,0.0010,-0.0021,0.003
3.319721,-0.0054,0.0032,0.0003,0.006
3.339473,-0.0149,0.0175,-0.0091,0.025
3.340618,0.0112,0.0123,0.0028,0.017
3.353097,-0.0079,-0.0161,-0.0020,0.018
3.374430,0.0017,0.0078,-0.0043,0.009
3.375500,-0.0005,-0.0112,-0.0066,0.013
3.388986,-0.0147,0.0033,-0.0017,0.015
3.390133,-0.0122,-0.0134,-0.0088,0.020
3.403315,-0.0097,-0.0082,-0.0063,0.014
3.419186,-0.0027,-0.0058,-0.0109,0.013
3.420321,0.0022,0.0132,0.0034,0.014
3.438626,0.0115,-0.0034,0.0010,0.012
3.439703,-0.0146,-0.0057,0.0033,0.016
3.456210,-0.0073,-0.0058,-0.0014,0.009
3.467017,-0.0001,-0.0058,0.0080,0.010
3.469913,-0.0122,0.0108,-0.0062,0.017
3.486526,-0.0051,-0.0035,-0.0108,0.012
3.491136,-0.0004,-0.0033,-0.0107,0.011
3.503570,-0.0005,0.0016,-0.0058,0.006
3.522573,-0.0241,-0.0032,0.0249,0.035
3.523758,-0.0048,0.0134,0.0104,0.018
3.538083,-0.0071,-0.0104,0.0102,0.016
3.540768,0.0070,0.0132,0.0030,0.015
3.552854,-0.0094,-0.0128,-0.0041,0.016
3.572997,0.0004,-0.0008,-0.0111,0.011
3.574094,0.0072,-0.0032,-0.0062,0.010
3.588816,-0.0070,-0.0032,-0.0014,0.008
3.590949,-0.0048,0.0014,-0.0014,0.005
3.603743,-0.0022,-0.0081,0.0010,0.008
3.619721,-0.0092,0.0062,0.0010,0.011
3.620826,0.0004,-0.0079,-0.0155,0.017
3.637024,-0.0185,0.0016,-0.0035,0.019
3.641648,-0.0064,0.0040,-0.0058,0.009
3.653689,-0.0040,0.0039,-0.0033,0.007
3.666650,-0.0015,0.0086,-0.0056,0.010
3.673361,-0.0181,-0.0150,0.0086,0.025
3.685320,0.0056,0.0087,-0.0033,0.011
3.691302,-0.0112,-0.0010,0.0155,0.019
3.701162,0.0102,0.0037,-0.0059,0.012
3.717100,-0.0160,0.0014,0.0107,0.019
3.721793,-0.0016,0.0156,-0.0083,0.018
3.732566,-0.0136,0.0084,0.0059,0.017
3.741249,-0.0017,-0.0059,-0.0012,0.006
3.751086,-0.0255,0.0012,-0.0059,0.026
3.766635,-0.0179,0.0035,-0.0035,0.019
3.771493,-0.0201,-0.0060,-0.0058,0.022
3.783053,0.0036,0.0036,-0.0151,0.016
3.791189,-0.0033,-0.0060,0.0016,0.007
3.801221,-0.0152,0.0011,-0.0172,0.023
3.818810,-0.0105,-0.0107,0.0043,0.016
3.822040,-0.0103,0.0130,-0.0052,0.017
3.835947,0.0038,0.0011,-0.0004,0.004
3.842648,0.0107,-0.0035,-0.0075,0.014
3.854743,-0.0063,-0.0034,0.0021,0.007
3.869809,0.0056,-0.0080,-0.0050,0.011
3.872640,0.0030,0.0063,-0.0026,0.007
3.887532,-0.0064,-0.0008,0.0021,0.007
3.892007,0.0076,0.0016,-0.0120,0.014
3.903728,-0.0090,-0.0008,-0.0071,0.012
3.920865,-0.0135,-0.0128,-0.0023,0.019
3.922015,-0.0155,0.0015,-0.0022,0.016
3.938876,-0.0129,0.0108,0.0096,0.019
3.942293,0.0015,0.0200,-0.0071,0.021
3.953228,-0.0033,0.0149,0.0072,0.017
3.972028,-0.0011,0.0051,-0.0000,0.005
3.973313,0.0036,0.0050,-0.0188,0.020
3.987604,-0.0035,-0.0046,-0.0068,0.009
3.993164,-0.0223,0.0071,-0.0019,0.023
4.004498,0.0039,0.0141,0.0075,0.016
4.029551,-0.0200,-0.0076,-0.0091,0.023
4.030677,-0.0080,0.0019,0.0122,0.015
4.041804,0.0061,0.0136,-0.0068,0.016
4.042588,0.0131,-0.0196,-0.0020,0.024
4.053322,-0.0084,-0.0003,0.0122,0.015
4.071138,-0.0084,-0.0002,-0.0139,0.016
4.072383,-0.0035,-0.0071,-0.0160,0.018
4.086362,0.0057,-0.0020,0.0101,0.012
4.106586,-0.0084,-0.0043,-0.0018,0.010
4.107755,-0.0179,0.0194,0.0053,0.027
4.121339,-0.0222,-0.0162,-0.0019,0.028
4.122669,-0.0125,-0.0301,-0.0113,0.034
4.138341,-0.0100,0.0010,-0.0064,0.012
4.143346,-0.0006,-0.0107,-0.0086,0.014
4.153320,-0.0053,0.0037,-0.0061,0.009
4.172378,-0.0052,0.0179,-0.0013,0.019
4.173594,-0.0005,0.0058,-0.0083,0.010
4.186235,-0.0005,0.0081,-0.0082,0.012
4.193673,-0.0054,-0.0037,-0.0010,0.007
4.206614,-0.0123,-0.0085,-0.0128,0.020
4.222715,-0.0029,-0.0038,0.0016,0.005
4.223918,-0.0100,0.0174,-0.0032,0.020
4.239510,-0.0005,-0.0040,-0.0102,0.011
4.243314,-0.0050,-0.0038,0.0018,0.007
4.254096,-0.0073,-0.0038,-0.0077,0.011
4.270703,0.0092,0.0010,-0.0052,0.011
4.274083,-0.0029,-0.0109,-0.0169,0.020
4.286422,-0.0055,0.0080,-0.0048,0.011
4.294177,-0.0055,-0.0180,-0.0024,0.019
4.306268,-0.0125,-0.0059,-0.0047,0.015
4.322600,0.0135,0.0178,0.0095,0.024
4.323752,-0.0126,0.0011,-0.0001,0.013
4.338798,-0.0196,-0.0107,0.0023,0.022
4.355191,-0.0052,0.0083,-0.0048,0.011
4.356375,0.0113,-0.0084,-0.0024,0.014
4.369151,0.0016,0.0036,-0.0047,0.006
4.374579,-0.0032,0.0106,0.0072,0.013
4.387000,-0.0151,-0.0060,0.0023,0.016
4.394081,-0.0081,-0.0129,-0.0071,0.017
4.406866,-0.0101,0.0014,-0.0023,0.010
4.422895,0.0018,0.0110,-0.0070,0.013
4.423963,-0.0006,0.0013,-0.0092,0.009
4.436935,-0.0101,0.0224,-0.0161,0.029
4.443991,-0.0265,0.0126,-0.0041,0.030
4.455859,-0.0024,0.0078,-0.0017,0.008
4.471011,0.0043,0.0218,-0.0040,0.023
4.473902,0.0065,0.0074,0.0055,0.011
4.488058,-0.0055,0.0049,-0.0064,0.010
4.508727,-0.0127,-0.0162,-0.0015,0.021
4.509710,-0.0055,0.0098,-0.0015,0.011
4.523362,-0.0053,0.0094,-0.0039,0.012
4.524475,-0.0099,0.0070,-0.0061,0.014
4.537398,-0.0168,-0.0119,-0.0037,0.021
4.544282,0.0044,0.0118,-0.0060,0.014
4.556494,-0.0053,-0.0023,-0.0059,0.008
4.570519,-0.0028,0.0120,0.0013,0.012
4.575269,0.0161,-0.0022,-0.0058,0.017
4.589280,-0.0147,-0.0139,-0.0128,0.024
4.604682,0.0020,0.0028,0.0063,0.007
4.605762,-0.0053,-0.0254,-0.0103,0.028
4.623255,-0.0100,-0.0084,-0.0078,0.015
4.625467,-0.0101,0.0175,-0.0147,0.025
4.639335,0.0065,0.0008,0.0020,0.007
4.654811,0.0087,-0.0135,-0.0004,0.016
4.655916,0.0062,0.0032,-0.0098,0.012
4.676084,0.0060,0.0056,-0.0073,0.011
4.677143,-0.0106,0.0032,-0.0071,0.013
4.689146,-0.0082,-0.0086,-0.0023,0.012
4.702693,-0.0011,0.0033,0.0001,0.003
4.707884,-0.0011,0.0104,-0.0046,0.011
4.720860,-0.0033,-0.0015,-0.0140,0.014
4.725471,-0.0102,0.0127,0.0004,0.016
4.735957,0.0158,0.0030,-0.0043,0.017
4.752253,-0.0058,0.0123,0.0028,0.014
4.754962,-0.0174,-0.0138,0.0075,0.023
4.768056,-0.0006,0.0053,-0.0044,0.007
4.774995,0.0089,0.0123,0.0051,0.016
4.784858,0.0042,0.0004,-0.0115,0.012
4.813286,-0.0172,0.0053,-0.0160,0.024
4.813774,0.0068,0.0052,-0.0063,0.011
4.817876,-0.0168,0.0050,-0.0015,0.018
4.825273,-0.0024,-0.0045,-0.0015,0.005
4.835154,0.0164,-0.0091,0.0056,0.020
4.853408,-0.0003,0.0053,-0.0016,0.006
4.855657,-0.0145,0.0007,0.0102,0.018
4.868588,0.0021,0.0124,-0.0064,0.014
4.876071,0.0020,0.0122,-0.0134,0.018
4.890730,-0.0026,0.0262,0.0127,0.029
4.905087,0.0069,0.0069,-0.0016,0.010
4.906053,-0.0168,0.0113,0.0031,0.020
4.924332,-0.0000,0.0064,-0.0181,0.019
4.925619,-0.0141,0.0039,0.0057,0.016
4.939878,-0.0068,-0.0008,-0.0061,0.009
4.957231,-0.0021,0.0112,-0.0131,0.017
4.958463,-0.0019,-0.0077,-0.0058,0.010
4.971692,-0.0065,-0.0026,-0.0033,0.008
4.976840,-0.0044,-0.0003,-0.0033,0.005
4.989971,-0.0065,0.0162,-0.0056,0.018
5.006042,0.0238,0.0112,0.0016,0.026
5.007168,-0.0142,0.0039,-0.0102,0.018
5.021062,-0.0165,-0.0149,-0.0101,0.024
5.027082,0.0002,-0.0147,-0.0028,0.015
5.039735,-0.0069,-0.0192,-0.0028,0.021
5.055745,0.0001,-0.0142,-0.0074,0.016
5.056872,0.0048,0.0001,-0.0026,0.005
5.070524,0.0139,-0.0071,-0.0049,0.016
5.077392,-0.0028,0.0095,0.0093,0.014
5.089369,-0.0051,0.0047,0.0115,0.013
5.103511,-0.0051,0.0072,0.0042,0.010
5.107568,0.0044,-0.0141,-0.0100,0.018
5.122657,-0.0076,0.0071,0.0043,0.011
5.127516,-0.0005,-0.0069,-0.0005,0.007
5.140515,-0.0028,0.0049,-0.0099,0.011
5.158341,0.0090,-0.0138,0.0115,0.020
5.159553,-0.0194,-0.0087,-0.0099,0.023
5.172176,-0.0025,-0.0062,-0.0003,0.007
5.177669,-0.0167,0.0080,-0.0191,0.027
5.189554,-0.0001,0.0078,-0.0071,0.011
5.206310,0.0139,0.0076,0.0001,0.016
5.207447,-0.0053,0.0146,-0.0046,0.016
5.223541,-0.0124,-0.0021,0.0049,0.014
5.227936,-0.0168,0.0028,0.0119,0.021
5.240002,-0.0025,-0.0044,-0.0142,0.015
5.258119,-0.0049,0.0072,0.0002,0.009
5.259279,-0.0003,-0.0023,0.0119,0.012
5.273197,-0.0027,-0.0141,0.0023,0.015
5.278062,-0.0146,0.0026,-0.0071,0.016
5.289353,-0.0120,-0.0186,-0.0023,0.022
5.307906,-0.0048,0.0077,-0.0070,0.011
5.309085,-0.0096,0.0004,-0.0022,0.010
5.322478,0.0047,0.0098,0.0049,0.012
5.327091,-0.0213,0.0027,0.0025,0.022
5.342775,0.0027,-0.0138,0.0072,0.016
5.355936,0.0025,0.0099,-0.0000,0.010
5.357222,-0.0071,-0.0020,-0.0047,0.009
5.373342,-0.0069,0.0074,-0.0046,0.011
5.378448,-0.0022,0.0096,0.0025,0.010
5.389997,-0.0022,-0.0070,-0.0023,0.008
5.406449,-0.0117,0.0094,-0.0069,0.017
5.407610,0.0004,0.0044,-0.0045,0.006
5.423598,-0.0161,-0.0074,-0.0020,0.018
5.428440,0.0030,-0.0095,-0.0044,0.011
5.440395,-0.0066,0.0000,0.0075,0.010
5.458391,-0.0065,0.0119,0.0027,0.014
5.459563,0.0075,-0.0072,0.0097,0.014
5.472627,0.0002,0.0046,-0.0140,0.015
5.478676,-0.0162,-0.0025,0.0074,0.018
5.490274,-0.0209,0.0046,0.0049,0.022
5.505965,-0.0015,-0.0143,-0.0093,0.017
5.508791,-0.0180,-0.0115,-0.0162,0.027
5.525373,0.0104,0.0028,0.0053,0.012
5.528959,0.0009,-0.0113,-0.0042,0.012
5.541019,-0.0017,-0.0063,-0.0159,0.017
5.556276,-0.0065,0.0103,0.0008,0.012
5.559217,-0.0019,0.0148,-0.0016,0.015
5.572703,-0.0066,0.0073,0.0032,0.010
5.579107,-0.0161,-0.0022,-0.0087,0.018
5.590075,0.0028,-0.0068,-0.0014,0.007
5.606964,0.0003,-0.0161,-0.0061,0.017
5.608220,0.0095,0.0218,0.0010,0.024
5.623181,-0.0025,-0.0090,-0.0084,0.013
5.628829,-0.0096,-0.0089,-0.0036,0.014
5.645111,-0.0235,-0.0135,-0.0011,0.027
5.657238,0.0074,0.0010,-0.0011,0.008
5.658369,-0.0023,-0.0062,-0.0058,0.009
5.672567,-0.0023,-0.0038,0.0013,0.005
5.691226,0.0045,-0.0084,-0.0010,0.010
5.692519,0.0021,-0.0013,-0.0034,0.004
5.706262,-0.0122,0.0106,0.0014,0.016
5.721968,-0.0050,0.0057,-0.0033,0.008
5.723607,0.0069,-0.0038,0.0061,0.010
5.729052,0.0020,0.0080,-0.0010,0.008
5.738901,-0.0076,0.0008,0.0037,0.009
5.752283,-0.0122,0.0124,0.0107,0.020
5.759128,0.0044,0.0170,0.0058,0.019
5.769953,-0.0026,0.0073,0.0104,0.013
5.778845,0.0044,-0.0139,-0.0039,0.015
5.789592,0.0186,0.0074,-0.0015,0.020
5.804771,-0.0032,0.0120,0.0080,0.015
5.808943,0.0013,0.0093,-0.0039,0.010
5.820120,-0.0153,-0.0166,-0.0039,0.023
5.829517,-0.0154,-0.0093,0.0033,0.018
5.839224,-0.0103,0.0047,0.0079,0.014
5.857516,-0.0006,-0.0117,0.0031,0.012
5.860348,-0.0031,-0.0045,0.0077,0.009
5.874459,-0.0031,0.0048,0.0076,0.010
5.879849,-0.0031,-0.0093,0.0098,0.014
5.891120,-0.0054,-0.0044,-0.0115,0.013
5.906268,-0.0124,-0.0067,-0.0090,0.017
5.910617,-0.0194,0.0050,-0.0159,0.026
5.925539,-0.0098,-0.0116,-0.0062,0.016
5.930264,-0.0074,0.0192,0.0151,0.026
5.941107,-0.0119,-0.0093,-0.0040,0.016
5.954867,-0.0024,-0.0021,-0.0039,0.005
5.959467,0.0046,0.0073,-0.0109,0.014
5.969784,-0.0047,0.0142,0.0152,0.021
5.986205,-0.0073,0.0069,-0.0063,0.012
5.989641,-0.0001,-0.0049,0.0079,0.009
6.004591,-0.0048,-0.0025,0.0125,0.014
6.010456,-0.0165,-0.0047,-0.0112,0.021
6.023541,-0.0070,-0.0001,-0.0087,0.011
6.044017,-0.0092,-0.0073,-0.0109,0.016
6.045182,-0.0092,-0.0094,0.0034,0.014
6.057864,0.0053,-0.0068,-0.0037,0.009
6.060594,-0.0092,0.0097,-0.0154,0.020
6.074450,-0.0044,0.0026,0.0037,0.006
6.080230,-0.0021,0.0097,-0.0035,0.011
6.091939,0.0051,-0.0140,-0.0034,0.015
6.106474,-0.0138,-0.0021,0.0014,0.014
6.110033,-0.0254,-0.0091,0.0084,0.028
6.126987,0.0032,0.0004,0.0012,0.003
6.143441,-0.0159,-0.0066,-0.0059,0.018
6.144573,0.0053,0.0029,-0.0105,0.012
6.159677,-0.0182,-0.0042,-0.0056,0.020
6.160732,0.0030,-0.0183,-0.0055,0.019
6.175234,-0.0185,-0.0062,-0.0101,0.022
6.192783,-0.0065,0.0196,-0.0053,0.021
6.193966,0.0031,0.0122,0.0113,0.017
6.207139,0.0054,-0.0070,-0.0124,0.015
6.210562,-0.0016,0.0001,-0.0004,0.002
6.229488,-0.0277,0.0048,-0.0122,0.031
6.241263,-0.0038,-0.0047,-0.0073,0.009
6.242604,-0.0014,-0.0022,-0.0001,0.003
6.259002,0.0009,0.0216,-0.0072,0.023
6.261299,0.0032,0.0259,0.0000,0.026
6.275257,-0.0108,0.0042,-0.0023,0.012
6.294336,-0.0129,0.0065,-0.0023,0.015
6.295428,0.0041,-0.0030,-0.0070,0.009
6.310401,0.0086,0.0064,-0.0139,0.018
6.311527,0.0014,-0.0078,0.0004,0.008
6.324958,-0.0224,-0.0053,0.0028,0.023
6.343738,-0.0101,-0.0122,-0.0090,0.018
6.344914,0.0065,-0.0051,0.0005,0.008
6.357909,-0.0051,0.0044,0.0052,0.009
6.362219,-0.0027,-0.0002,0.0051,0.006
6.377962,-0.0002,0.0023,0.0074,0.008
6.391711,-0.0004,0.0023,-0.0045,0.005
6.393025,0.0114,-0.0024,-0.0044,0.012
6.407230,-0.0030,-0.0095,0.0027,0.010
6.412776,-0.0077,0.0141,0.0050,0.017
6.426749,0.0019,0.0117,0.0002,0.012
6.444800,0.0018,-0.0027,-0.0068,0.008
6.445797,0.0020,0.0022,0.0074,0.008
6.460687,-0.0075,-0.0095,0.0002,0.012
6.461857,-0.0025,0.0120,0.0097,0.016
6.475220,0.0046,-0.0045,0.0095,0.011
6.494919,0.0161,0.0004,0.0046,0.017
6.496056,-0.0194,0.0027,0.0069,0.021
6.507368,-0.0166,0.0026,-0.0026,0.017
6.512373,0.0073,0.0002,0.0021,0.008
6.524047,0.0119,0.0166,-0.0167,0.026
6.543594,0.0020,0.0139,-0.0023,0.014
6.544636,-0.0095,0.0091,-0.0023,0.013
6.559725,-0.0049,-0.0053,0.0001,0.007
6.561893,-0.0212,-0.0029,-0.0140,0.026
6.573866,0.0095,-0.0050,0.0168,0.020
6.591957,-0.0048,0.0022,0.0000,0.005
6.593222,0.0047,0.0093,-0.0070,0.013
6.609655,-0.0002,0.0022,0.0002,0.002
6.612291,-0.0026,-0.0121,-0.0093,0.015
6.625077,0.0022,0.0186,-0.0068,0.020
6.645195,0.0092,0.0018,-0.0043,0.010
6.646325,-0.0028,0.0064,-0.0136,0.015
6.660336,-0.0052,0.0015,0.0101,0.012
6.662952,0.0090,0.0039,-0.0065,0.012
6.674940,-0.0100,-0.0127,0.0030,0.016
6.692029,-0.0006,-0.0030,0.0053,0.006
6.693265,-0.0146,-0.0006,-0.0018,0.015
6.709134,-0.0145,0.0135,-0.0089,0.022
6.713341,-0.0071,-0.0032,0.0007,0.008
6.725592,-0.0071,-0.0008,0.0054,0.009
6.743094,0.0047,0.0085,-0.0041,0.011
6.744117,-0.0002,-0.0059,-0.0017,0.006
6.756285,0.0069,0.0062,-0.0040,0.010
6.763433,0.0114,0.0036,0.0125,0.017
6.774433,0.0136,-0.0011,-0.0042,0.014
6.789419,0.0064,0.0012,0.0030,0.007
6.793494,0.0061,0.0035,0.0006,0.007
6.804685,-0.0014,0.0034,-0.0112,0.012
6.813356,-0.0130,0.0151,0.0007,0.020
6.823515,-0.0082,-0.0040,-0.0016,0.009
6.833170,0.0060,0.0055,0.0031,0.009
6.843560,-0.0130,-0.0111,-0.0134,0.022
6.853144,-0.0010,-0.0179,-0.0038,0.018
6.862895,-0.0056,0.0037,-0.0014,0.007
6.873365,0.0178,-0.0012,-0.0084,0.020
6.883531,-0.0062,-0.0153,-0.0059,0.018
6.893551,0.0130,0.0038,-0.0011,0.014
6.903569,0.0007,-0.0105,0.0060,0.012
6.914488,-0.0111,0.0062,-0.0153,0.020
6.926021,-0.0156,-0.0057,-0.0103,0.020
6.935746,-0.0131,-0.0008,-0.0008,0.013
6.944139,-0.0032,0.0039,-0.0055,0.007
6.953686,0.0016,-0.0031,-0.0054,0.006
6.964552,-0.0105,-0.0124,-0.0076,0.018
6.974728,-0.0008,-0.0097,-0.0122,0.016
6.984978,-0.0033,0.0021,-0.0002,0.004
6.994778,-0.0081,0.0067,-0.0026,0.011
7.004007,0.0058,-0.0099,-0.0025,0.012
7.014807,0.0035,0.0043,0.0022,0.006
7.023874,-0.0015,0.0066,-0.0049,0.008
7.039990,-0.0038,0.0041,0.0117,0.013
7.043969,-0.0015,-0.0149,0.0138,0.020
7.054691,0.0055,-0.0075,0.0089,0.013
7.065065,-0.0112,-0.0025,-0.0148,0.019
7.074615,-0.0040,0.0047,-0.0098,0.012
7.085568,-0.0086,0.0047,0.0068,0.012
7.094706,-0.0131,-0.0072,0.0067,0.016
7.104079,-0.0132,-0.0071,-0.0052,0.016
7.115090,0.0011,0.0211,-0.0075,0.022
7.125573,-0.0086,0.0020,0.0068,0.011
7.136013,0.0080,-0.0120,-0.0122,0.019
7.145450,0.0054,-0.0048,-0.0025,0.008
7.155133,0.0051,0.0049,-0.0072,0.010
7.165302,0.0048,-0.0045,0.0094,0.011
7.175213,-0.0094,0.0002,-0.0143,0.017
7.185612,-0.0117,0.0002,0.0048,0.013
7.194835,-0.0070,0.0049,0.0070,0.011
7.205109,0.0119,-0.0023,-0.0025,0.012
7.223427,-0.0025,0.0001,0.0046,0.005
7.224578,-0.0000,0.0049,0.0045,0.007
7.235154,-0.0024,0.0048,0.0068,0.009
7.245475,-0.0095,0.0188,-0.0004,0.021
7.254804,-0.0095,-0.0027,-0.0004,0.010
7.265695,-0.0072,-0.0026,-0.0004,0.008
7.275611,-0.0167,0.0046,-0.0098,0.020
7.286189,-0.0093,0.0021,-0.0143,0.017
7.295356,0.0027,0.0046,0.0048,0.007
7.307762,0.0072,-0.0025,-0.0094,0.012
7.322613,0.0072,0.0164,-0.0069,0.019
7.325552,-0.0024,0.0231,0.0002,0.023
7.335788,-0.0000,-0.0126,0.0002,0.013
7.347622,-0.0000,-0.0005,-0.0186,0.019
7.355152,0.0025,-0.0004,-0.0089,0.009
7.365964,-0.0140,0.0184,0.0101,0.025
7.375362,-0.0090,-0.0126,0.0005,0.015
7.386185,-0.0020,0.0181,0.0076,0.020
7.395774,0.0004,-0.0149,-0.0114,0.019
7.405932,-0.0022,0.0016,0.0029,0.004
7.424222,-0.0116,-0.0195,0.0100,0.025
7.427146,-0.0160,-0.0074,-0.0067,0.019
7.436232,0.0056,0.0021,0.0075,0.010
7.446002,-0.0111,-0.0117,-0.0044,0.017
7.456360,-0.0109,0.0144,0.0004,0.018
7.466178,-0.0064,0.0141,0.0051,0.016
7.476154,0.0008,-0.0050,-0.0256,0.026
7.486271,-0.0109,-0.0119,-0.0063,0.017
7.496008,-0.0010,-0.0047,-0.0038,0.006
7.506284,0.0085,-0.0188,0.0033,0.021
7.516339,-0.0107,0.0004,-0.0038,0.011
7.528254,-0.0081,0.0050,-0.0061,0.011
7.535819,-0.0105,0.0028,0.0105,0.015
7.546526,-0.0057,-0.0278,0.0032,0.029
7.556618,-0.0009,0.0079,-0.0157,0.018
7.566294,-0.0009,-0.0040,0.0034,0.005
7.576848,-0.0127,-0.0113,0.0104,0.020
7.586070,0.0134,0.0030,-0.0039,0.014
7.596887,0.0061,0.0054,0.0080,0.011
7.608574,0.0012,-0.0017,-0.0110,0.011
7.623976,-0.0083,-0.0134,-0.0132,0.021
7.627235,0.0060,-0.0156,0.0012,0.017
7.637152,-0.0083,0.0106,-0.0012,0.014
7.645991,-0.0058,-0.0037,-0.0059,0.009
7.656397,-0.0034,0.0033,-0.0011,0.005
7.666587,0.0108,0.0056,-0.0058,0.013
7.677612,0.0010,-0.0064,-0.0080,0.010
7.686379,-0.0063,-0.0017,-0.0008,0.007
7.696960,0.0008,0.0077,0.0062,0.010
7.708567,0.0077,-0.0042,-0.0080,0.012
7.722934,-0.0042,0.0077,0.0110,0.014
7.726619,-0.0136,0.0169,0.0037,0.022
7.737184,0.0170,-0.0046,-0.0010,0.018
7.747040,-0.0165,-0.0068,-0.0081,0.020
7.765662,-0.0045,0.0003,-0.0127,0.013
7.766708,-0.0069,0.0027,0.0111,0.013
7.777229,-0.0021,0.0096,-0.0032,0.010
7.786837,0.0024,0.0023,0.0086,0.009
7.796717,0.0046,0.0211,-0.0010,0.022
7.806934,0.0022,-0.0027,-0.0009,0.004
7.817667,-0.0051,0.0068,0.0061,0.010
7.827365,-0.0006,0.0065,0.0060,0.009
7.838457,-0.0172,0.0135,-0.0011,0.022
7.847427,-0.0122,0.0064,-0.0082,0.016
7.857583,0.0093,-0.0009,-0.0010,0.009
7.867975,0.0137,-0.0033,-0.0104,0.017
7.877394,-0.0075,-0.0031,0.0039,0.009
7.887512,-0.0145,0.0039,-0.0056,0.016
7.897825,-0.0118,-0.0102,0.0110,0.019
7.913189,-0.0117,0.0086,-0.0056,0.016
7.923020,-0.0068,0.0013,0.0015,0.007
7.927858,-0.0044,0.0012,0.0109,0.012
7.937542,0.0120,0.0176,0.0013,0.021
7.948267,0.0049,-0.0085,0.0036,0.010
7.957709,0.0045,-0.0085,0.0106,0.014
7.973147,-0.0098,0.0009,-0.0013,0.010
7.979120,0.0046,-0.0086,-0.0060,0.011
7.988988,-0.0168,-0.0039,0.0035,0.018
7.998812,0.0049,-0.0014,-0.0036,0.006
8.008613,0.0094,0.0127,0.0106,0.019
8.024965,0.0046,-0.0017,0.0104,0.012
8.028736,-0.0051,0.0031,0.0079,0.010
8.045566,0.0044,0.0007,-0.0087,0.010
8.047672,-0.0029,0.0029,0.0055,0.007
8.058148,-0.0053,-0.0066,-0.0087,0.012
8.068629,-0.0076,-0.0088,0.0126,0.017
8.078591,-0.0006,0.0007,-0.0064,0.006
8.088149,-0.0029,-0.0134,-0.0039,0.014
8.098622,-0.0029,0.0151,0.0008,0.015
8.108776,0.0041,0.0076,0.0126,0.015
8.126947,-0.0148,0.0168,0.0053,0.023
8.128107,-0.0146,-0.0093,0.0029,0.018
8.141493,0.0044,-0.0021,-0.0066,0.008
8.148326,-0.0026,-0.0068,-0.0041,0.008
8.159570,-0.0049,-0.0089,0.0101,0.014
8.170664,-0.0050,-0.0041,0.0005,0.006
8.178909,0.0044,-0.0159,0.0052,0.017
8.188508,0.0067,0.0056,0.0027,0.009
8.198686,-0.0146,0.0103,-0.0020,0.018
8.208722,-0.0050,-0.0064,0.0051,0.010
8.227642,-0.0167,-0.0017,0.0074,0.018
8.229572,-0.0068,0.0030,-0.0069,0.010
8.238688,-0.0020,0.0007,-0.0021,0.003
8.249519,0.0073,0.0008,0.0050,0.009
8.259024,0.0118,-0.0063,0.0026,0.014
8.275665,0.0018,-0.0037,0.0025,0.005
8.279316,-0.0030,0.0128,0.0025,0.013
8.288821,0.0039,0.0053,0.0025,0.007
8.299800,0.0155,0.0239,-0.0023,0.029
8.309494,0.0056,-0.0095,0.0001,0.011
8.325439,-0.0039,0.0025,0.0025,0.005
8.329094,-0.0180,0.0142,0.0071,0.024
8.339471,-0.0035,0.0045,0.0070,0.009
8.350026,-0.0153,0.0093,0.0045,0.018
8.359377,-0.0055,-0.0074,-0.0238,0.026
8.371137,0.0155,-0.0214,-0.0210,0.034
8.380296,-0.0151,-0.0091,0.0123,0.022
8.389258,-0.0009,-0.0065,-0.0068,0.009
8.400160,0.0039,0.0030,0.0122,0.013
8.411764,0.0014,-0.0020,0.0120,0.012
8.424577,-0.0106,-0.0021,0.0024,0.011
8.429284,-0.0294,-0.0091,0.0023,0.031
8.440071,-0.0196,0.0146,-0.0118,0.027
8.449918,-0.0030,0.0048,0.0048,0.007
8.459986,-0.0101,-0.0001,0.0000,0.010
8.471074,-0.0031,-0.0048,0.0000,0.006
8.480963,-0.0032,0.0189,-0.0188,0.027
8.489497,-0.0034,-0.0027,-0.0020,0.005
8.500397,-0.0103,0.0020,-0.0137,0.017
8.510546,-0.0053,-0.0028,0.0030,0.007
8.528142,-0.0029,-0.0005,0.0029,0.004
8.530064,-0.0052,-0.0051,0.0005,0.007
8.539985,0.0162,-0.0073,0.0076,0.019
8.550738,-0.0029,-0.0048,-0.0043,0.007
8.560399,-0.0030,0.0047,-0.0019,0.006
8.571225,-0.0055,0.0047,-0.0184,0.020
8.580812,-0.0029,0.0046,0.0008,0.006
8.590492,-0.0050,-0.0097,-0.0016,0.011
8.601130,-0.0001,0.0046,0.0008,0.005
8.610632,0.0139,-0.0096,-0.0063,0.018
8.626235,-0.0006,-0.0072,-0.0062,0.009
8.630915,-0.0150,-0.0001,0.0033,0.015
8.640674,0.0017,0.0047,-0.0061,0.008
8.650936,-0.0032,0.0046,0.0057,0.008
8.661639,-0.0007,-0.0001,0.0033,0.003
8.670984,0.0017,-0.0001,0.0056,0.006
8.680982,-0.0077,-0.0047,-0.0016,0.009
8.690419,-0.0122,0.0048,-0.0015,0.013
8.701147,-0.0050,-0.0048,-0.0015,0.007
8.711135,-0.0051,-0.0141,0.0009,0.015
8.726760,0.0068,0.0001,-0.0062,0.009
8.730631,-0.0076,0.0048,0.0010,0.009
8.741024,0.0160,-0.0024,0.0080,0.018
8.751653,-0.0054,-0.0119,-0.0015,0.013
8.761438,-0.0078,0.0071,-0.0015,0.011
8.771128,-0.0030,-0.0071,0.0032,0.008
8.784428,-0.0219,0.0070,-0.0016,0.023
8.792598,-0.0146,0.0115,0.0079,0.020
8.800627,-0.0003,-0.0028,0.0125,0.013
8.811443,0.0091,-0.0170,-0.0042,0.020
8.822840,0.0089,0.0138,0.0029,0.017
8.831300,0.0065,-0.0076,0.0052,0.011
8.841016,-0.0029,-0.0098,-0.0043,0.011
8.850845,-0.0101,0.0045,-0.0066,0.013
8.861003,0.0090,-0.0049,0.0006,0.010
8.871296,-0.0077,-0.0001,0.0006,0.008
8.880889,-0.0098,0.0023,-0.0041,0.011
8.891847,-0.0075,0.0210,-0.0017,0.022
8.904720,-0.0121,-0.0193,0.0030,0.023
8.911977,-0.0073,0.0093,0.0100,0.016
8.921404,-0.0000,0.0018,-0.0042,0.005
8.932078,-0.0048,0.0182,0.0052,0.020
8.945607,0.0023,0.0157,-0.0113,0.019
8.951560,-0.0261,0.0107,0.0148,0.032
8.963321,-0.0068,-0.0152,0.0122,0.021
8.971511,-0.0022,-0.0079,-0.0116,0.014
8.982325,-0.0000,-0.0103,-0.0067,0.012
8.991588,-0.0095,0.0015,0.0052,0.011
9.010279,0.0049,-0.0032,0.0145,0.016
9.011681,0.0000,-0.0055,-0.0093,0.011
9.022800,0.0117,-0.0219,0.0003,0.025
9.032309,0.0044,0.0090,0.0215,0.024
9.042958,-0.0051,0.0018,0.0094,0.011
9.051834,0.0092,-0.0005,-0.0143,0.017
9.063124,0.0042,-0.0052,-0.0117,0.014
9.071718,0.0017,-0.0005,-0.0021,0.003
9.083167,0.0017,-0.0005,-0.0044,0.005
9.092432,-0.0056,-0.0100,-0.0185,0.022
9.102421,0.0039,0.0092,-0.0041,0.011
9.112893,-0.0057,-0.0074,-0.0064,0.011
9.127086,-0.0057,-0.0049,0.0079,0.011
9.131842,-0.0034,0.0069,0.0007,0.008
9.142291,-0.0081,0.0068,-0.0182,0.021
9.152697,0.0036,-0.0123,-0.0014,0.013
9.162564,0.0199,-0.0050,0.0034,0.021
9.172626,-0.0040,-0.0097,0.0057,0.012
9.183234,-0.0017,0.0068,-0.0086,0.011
9.192674,-0.0065,-0.0051,-0.0084,0.012
9.202750,-0.0089,-0.0073,0.0011,0.012
9.212552,-0.0040,-0.0047,0.0058,0.008
9.225783,-0.0040,-0.0117,-0.0037,0.013
9.232734,-0.0111,-0.0140,-0.0060,0.019
9.242656,-0.0085,-0.0066,-0.0059,0.012
9.252835,-0.0061,0.0193,0.0036,0.021
9.264196,-0.0012,0.0072,-0.0011,0.007
9.273092,-0.0132,-0.0047,0.0036,0.014
9.283163,-0.0012,-0.0046,-0.0012,0.005
9.293401,-0.0107,0.0001,-0.0082,0.013
9.302834,-0.0150,-0.0023,0.0013,0.015
9.313493,-0.0149,-0.0095,-0.0034,0.018
9.327629,-0.0054,0.0048,0.0037,0.008
9.333483,0.0090,-0.0093,0.0107,0.017
9.343633,-0.0169,-0.0069,-0.0012,0.018
9.352995,0.0092,-0.0093,0.0011,0.013
9.364362,-0.0028,-0.0139,-0.0059,0.015
9.373621,-0.0099,-0.0019,0.0036,0.011
9.383750,0.0090,0.0170,-0.0012,0.019
9.393608,-0.0053,-0.0185,-0.0059,0.020
9.406613,0.0087,0.0099,0.0083,0.016
9.414217,0.0040,0.0028,-0.0106,0.012
9.423776,0.0062,0.0051,0.0107,0.013
9.433703,-0.0031,-0.0042,0.0106,0.012
9.445183,-0.0149,0.0051,-0.0108,0.019
9.453238,-0.0076,-0.0065,-0.0130,0.016
9.463765,0.0021,0.0101,0.0014,0.010
9.479966,-0.0051,0.0122,-0.0034,0.014
9.483247,-0.0075,-0.0045,-0.0127,0.015
9.494519,-0.0028,-0.0019,0.0016,0.004
9.506039,-0.0004,-0.0017,0.0016,0.002
9.514111,-0.0145,-0.0063,-0.0008,0.016
9.523772,0.0022,-0.0063,-0.0126,0.014
9.534723,0.0046,0.0056,-0.0076,0.011
9.546980,0.0045,0.0125,0.0043,0.014
9.559244,0.0019,-0.0089,-0.0029,0.010
9.564288,-0.0029,-0.0159,0.0019,0.016
9.582577,-0.0146,0.0078,0.0042,0.017
9.584325,-0.0003,-0.0041,-0.0076,0.009
9.594441,0.0067,0.0124,-0.0005,0.014
9.607159,0.0017,-0.0090,-0.0099,0.013
9.614501,-0.0101,0.0030,0.0091,0.014
9.624639,0.0137,-0.0112,-0.0169,0.024
9.634930,-0.0031,0.0055,-0.0119,0.013
9.644361,-0.0053,-0.0063,0.0165,0.018
9.655675,-0.0031,-0.0178,-0.0026,0.018
9.664588,-0.0031,-0.0034,-0.0002,0.005
9.674395,-0.0031,-0.0056,0.0069,0.009
9.685366,-0.0030,-0.0030,-0.0238,0.024
9.694646,0.0088,-0.0006,-0.0093,0.013
9.707257,-0.0080,0.0018,0.0026,0.009
9.715245,-0.0053,0.0066,-0.0045,0.010
9.724334,0.0160,0.0018,0.0050,0.017
9.735354,-0.0054,-0.0218,-0.0021,0.023
9.744710,0.0066,-0.0047,-0.0045,0.009
9.756512,-0.0053,0.0024,0.0050,0.008
9.765280,0.0138,-0.0117,0.0120,0.022
9.774668,-0.0031,-0.0045,-0.0141,0.015
9.785593,-0.0101,0.0074,0.0073,0.014
9.802642,0.0064,-0.0022,0.0119,0.014
9.811152,0.0041,0.0096,-0.0048,0.011
9.814664,0.0062,0.0047,0.0047,0.009
9.825904,-0.0057,0.0022,-0.0000,0.006
9.835085,0.0062,-0.0002,-0.0048,0.008
9.845237,0.0107,0.0045,0.0000,0.012
9.857514,-0.0131,-0.0121,0.0071,0.019
9.865252,-0.0083,0.0045,0.0093,0.013
9.875002,-0.0010,0.0043,-0.0002,0.004
9.885075,-0.0058,0.0090,0.0045,0.012
9.895404,-0.0056,0.0089,0.0020,0.011
9.904893,-0.0124,0.0017,0.0067,0.014
9.915872,0.0066,0.0065,-0.0099,0.014
9.925367,0.0110,-0.0009,-0.0003,0.011
9.936387,-0.0058,0.0084,0.0021,0.010
9.945200,-0.0058,-0.0128,-0.0003,0.014
9.956669,0.0039,-0.0033,-0.0027,0.006
9.966016,0.0107,0.0039,-0.0026,0.012
9.975440,-0.0060,0.0014,-0.0002,0.006
9.986616,0.0036,0.0084,0.0021,0.009
9.995886,-0.0155,0.0013,-0.0050,0.016
10.012344,-0.0105,-0.0083,-0.0002,0.013
10.015621,-0.0032,-0.0058,-0.0049,0.008
10.025530,0.0062,0.0060,0.0093,0.013
10.035975,-0.0199,0.0011,-0.0026,0.020
10.047524,-0.0030,-0.0106,0.0021,0.011
10.057489,-0.0125,0.0013,0.0021,0.013
10.066352,0.0040,0.0037,-0.0003,0.005
10.075799,-0.0101,0.0129,0.0021,0.017
10.086086,-0.0053,0.0126,0.0091,0.016
10.096806,-0.0030,-0.0042,-0.0005,0.005
10.107924,-0.0100,-0.0064,0.0019,0.012
10.117080,-0.0006,0.0055,0.0042,0.007
10.126501,-0.0032,0.0007,0.0089,0.009
10.137157,-0.0221,-0.0016,-0.0101,0.024
10.146219,-0.0171,-0.0040,-0.0100,0.020
10.157306,-0.0027,-0.0135,0.0090,0.016
10.166841,0.0090,-0.0132,-0.0147,0.022
10.176612,0.0087,-0.0108,0.0138,0.020
10.186922,-0.0196,0.0059,-0.0052,0.021
10.196976,-0.0074,0.0175,-0.0004,0.019
10.207723,-0.0213,-0.0087,-0.0004,0.023
10.216828,0.0024,0.0056,0.0066,0.009
10.231916,-0.0072,0.0009,0.0183,0.020
10.236172,-0.0070,-0.0155,0.0039,0.017
10.247004,0.0002,0.0012,-0.0032,0.003
10.257581,-0.0044,-0.0106,0.0015,0.012
10.267036,-0.0210,0.0085,-0.0032,0.023
10.277129,-0.0044,-0.0106,0.0015,0.012
10.286903,0.0097,0.0107,0.0039,0.015
10.303005,-0.0047,0.0009,0.0085,0.010
10.308035,-0.0094,-0.0018,0.0013,0.010
10.317120,-0.0166,-0.0066,0.0036,0.018
10.326543,-0.0046,-0.0018,-0.0105,0.012
10.336599,0.0049,-0.0017,0.0061,0.008
10.347371,-0.0116,0.0125,-0.0081,0.019
10.357069,-0.0020,0.0028,-0.0033,0.005
10.366768,-0.0114,-0.0021,-0.0032,0.012
10.377340,-0.0017,0.0146,0.0039,0.015
10.387037,-0.0135,0.0002,-0.0032,0.014
10.397049,-0.0018,-0.0139,-0.0008,0.014
10.407169,0.0005,0.0076,0.0086,0.012
10.416911,-0.0016,-0.0019,-0.0080,0.008
10.427217,0.0056,0.0005,-0.0008,0.006
10.438235,-0.0039,0.0005,-0.0008,0.004
10.449168,-0.0156,-0.0114,-0.0196,0.028
10.458339,0.0037,0.0005,0.0042,0.006
10.468659,0.0059,0.0052,-0.0100,0.013
10.477239,-0.0038,-0.0065,-0.0121,0.014
10.488209,-0.0110,-0.0063,0.0092,0.016
10.498368,-0.0156,-0.0038,-0.0074,0.018
10.508367,0.0080,0.0009,0.0116,0.014
10.518011,0.0126,-0.0016,0.0020,0.013
10.527712,0.0078,0.0030,-0.0004,0.008
10.538544,-0.0113,-0.0018,0.0019,0.012
10.547670,0.0031,0.0028,-0.0028,0.005
10.558998,-0.0088,0.0052,0.0090,0.014
10.568324,-0.0037,-0.0044,0.0065,0.009
10.577797,0.0105,-0.0044,0.0158,0.019
10.591950,-0.0060,-0.0090,-0.0103,0.015
10.598254,-0.0015,0.0005,0.0039,0.004
10.608560,-0.0109,-0.0042,0.0039,0.012
10.618186,-0.0038,0.0077,-0.0009,0.009
10.627977,0.0030,-0.0067,0.0109,0.013
10.638415,-0.0182,-0.0088,0.0131,0.024
10.650523,0.0032,-0.0015,-0.0013,0.004
10.657907,-0.0016,0.0079,0.0011,0.008
10.669110,0.0032,-0.0043,0.0058,0.008
10.678845,0.0078,-0.0136,0.0080,0.018
10.692018,0.0029,0.0101,0.0032,0.011
10.698743,-0.0091,0.0101,-0.0063,0.015
10.709742,0.0028,-0.0112,0.0056,0.013
10.718275,-0.0044,-0.0018,0.0032,0.006
10.728676,-0.0160,0.0146,0.0055,0.022
10.739028,0.0147,-0.0044,0.0007,0.015
10.750104,-0.0254,-0.0066,-0.0017,0.026
10.758315,-0.0040,-0.0088,-0.0040,0.010
10.769078,-0.0064,0.0030,0.0007,0.007
10.778315,-0.0063,-0.0019,-0.0110,0.013
10.789168,-0.0133,-0.0042,0.0009,0.014
10.799403,0.0032,0.0029,0.0080,0.009
10.812486,-0.0061,-0.0088,-0.0016,0.011
10.827747,0.0031,-0.0016,-0.0086,0.009
10.828803,-0.0039,-0.0064,0.0009,0.008
10.844051,-0.0084,-0.0109,0.0009,0.014
10.850290,-0.0106,0.0129,0.0033,0.017
10.863530,-0.0007,0.0127,-0.0062,0.014
10.869067,-0.0055,-0.0133,-0.0038,0.015
10.878811,-0.0102,0.0010,-0.0060,0.012
10.889908,0.0040,-0.0013,0.0011,0.004
10.898796,0.0062,-0.0157,0.0011,0.017
10.909057,0.0038,0.0081,0.0058,0.011
10.919792,-0.0058,0.0009,-0.0061,0.008
10.929458,-0.0057,0.0081,0.0081,0.013
10.939086,-0.0174,0.0054,0.0080,0.020
10.949892,-0.0055,-0.0042,0.0008,0.007
10.959496,0.0088,-0.0017,0.0079,0.012
10.970196,-0.0055,-0.0112,0.0054,0.014
10.979516,-0.0150,0.0125,-0.0018,0.020
10.989780,-0.0124,-0.0159,-0.0041,0.021
10.999926,-0.0005,0.0056,0.0054,0.008
11.009443,0.0065,-0.0015,0.0006,0.007
11.019880,0.0086,-0.0107,-0.0065,0.015
11.030017,-0.0009,-0.0177,-0.0017,0.018
11.045833,0.0132,-0.0008,-0.0111,0.017
11.049407,0.0011,-0.0079,-0.0015,0.008
11.060369,-0.0082,-0.0029,-0.0014,0.009
11.069866,0.0039,0.0091,0.0009,0.010
11.079509,-0.0058,0.0065,-0.0108,0.014
11.091277,-0.0104,0.0064,0.0058,0.014
11.099599,-0.0009,0.0110,0.0057,0.012
11.109921,0.0109,-0.0151,-0.0038,0.019
11.119871,-0.0033,-0.0030,-0.0084,0.010
11.130323,0.0061,-0.0029,0.0082,0.011
11.146936,0.0062,-0.0124,0.0057,0.015
11.150401,0.0014,-0.0122,-0.0062,0.014
11.162183,-0.0105,-0.0166,0.0010,0.020
11.170448,0.0038,0.0001,-0.0037,0.005
11.180064,-0.0035,0.0024,0.0010,0.004
11.194886,0.0013,0.0071,-0.0013,0.007
11.200130,-0.0128,-0.0117,0.0058,0.018
11.209983,-0.0031,-0.0093,0.0080,0.013
11.220401,-0.0054,0.0025,-0.0015,0.006
11.229944,0.0016,-0.0162,-0.0133,0.021
11.248588,-0.0174,0.0006,0.0034,0.018
11.250719,0.0065,0.0099,0.0175,0.021
11.260402,-0.0080,-0.0043,0.0007,0.009
11.270453,-0.0077,0.0051,-0.0040,0.010
11.280374,-0.0102,-0.0022,-0.0110,0.015
11.291108,-0.0243,0.0026,0.0033,0.025
11.300486,0.0043,0.0119,0.0103,0.016
11.310516,0.0019,0.0023,0.0125,0.013
11.321014,0.0045,0.0021,0.0029,0.006
11.330634,-0.0073,0.0022,0.0052,0.009
11.343732,0.0092,-0.0027,0.0074,0.012
11.350464,-0.0075,0.0044,0.0026,0.009
11.360503,-0.0122,-0.0074,0.0096,0.017
11.370957,-0.0002,0.0139,-0.0023,0.014
11.380481,0.0070,-0.0147,-0.0023,0.016
11.391151,-0.0072,0.0116,0.0095,0.017
11.400958,-0.0141,0.0043,0.0070,0.016
11.412921,-0.0186,0.0136,-0.0049,0.024
11.421036,0.0123,0.0040,0.0094,0.016
11.431177,-0.0091,0.0039,0.0068,0.012
11.444727,-0.0042,-0.0103,-0.0003,0.011
11.451179,0.0079,-0.0007,-0.0027,0.008
11.462341,0.0055,-0.0125,-0.0003,0.014
11.471129,0.0053,-0.0172,-0.0050,0.019
11.480895,0.0052,-0.0004,0.0045,0.007
11.491169,0.0096,-0.0028,0.0021,0.010
11.502979,0.0022,-0.0122,-0.0097,0.016
11.511086,0.0045,0.0044,-0.0001,0.006
11.521561,0.0020,-0.0002,-0.0096,0.010
11.531437,0.0066,-0.0143,0.0071,0.017
11.543068,-0.0193,0.0001,0.0046,0.020
11.551656,0.0045,-0.0046,0.0139,0.015
11.561403,-0.0121,0.0118,-0.0028,0.017
11.571709,-0.0000,0.0093,0.0067,0.011
11.581801,-0.0045,-0.0075,0.0089,0.013
11.592481,-0.0234,0.0091,0.0111,0.027
11.601765,0.0052,0.0019,-0.0032,0.006
11.611672,-0.0209,0.0065,0.0016,0.022
11.621818,-0.0041,0.0041,0.0016,0.006
11.631570,-0.0087,-0.0173,0.0062,0.020
11.648770,-0.0229,-0.0077,0.0061,0.025
11.651856,-0.0034,0.0043,0.0013,0.006
11.661548,0.0130,0.0017,0.0013,0.013
11.671993,0.0010,-0.0054,-0.0034,0.006
11.681705,0.0010,-0.0076,-0.0010,0.008
11.691728,0.0009,0.0067,0.0061,0.009
11.702227,0.0080,0.0114,0.0060,0.015
11.714252,0.0078,0.0017,0.0059,0.010
11.722218,0.0102,0.0159,-0.0060,0.020
11.732105,-0.0067,-0.0080,-0.0106,0.015
11.742708,-0.0042,0.0110,-0.0034,0.012
11.752403,0.0004,0.0014,0.0155,0.016
11.762278,-0.0042,-0.0079,-0.0036,0.010
11.772419,0.0004,-0.0101,0.0059,0.012
11.782074,-0.0091,-0.0076,-0.0013,0.012
11.792653,0.0006,0.0091,0.0129,0.016
11.802443,0.0006,-0.0052,0.0009,0.005
11.812283,0.0076,0.0066,-0.0132,0.017
11.822835,-0.0043,0.0042,0.0058,0.008
11.832600,0.0096,0.0110,0.0081,0.017
11.846441,-0.0047,0.0132,0.0103,0.017
11.852882,0.0023,-0.0057,0.0148,0.016
11.865010,-0.0001,-0.0058,0.0052,0.008
11.872848,0.0023,0.0130,0.0027,0.014
11.883102,0.0068,0.0176,-0.0091,0.021
11.895194,0.0043,0.0150,-0.0089,0.018
11.902802,0.0018,-0.0041,0.0053,0.007
11.912807,0.0135,-0.0065,0.0005,0.015
11.923026,-0.0080,-0.0039,0.0076,0.012
11.932799,-0.0102,0.0198,-0.0043,0.023
11.943876,-0.0006,-0.0228,0.0028,0.023
11.953181,-0.0172,0.0223,-0.0043,0.029
11.963129,-0.0004,0.0031,0.0076,0.008
11.973331,-0.0100,0.0124,-0.0067,0.017
11.983153,-0.0124,0.0052,-0.0089,0.016
11.993137,-0.0004,0.0027,-0.0017,0.003
12.003740,0.0067,-0.0137,0.0124,0.020
12.013451,0.0042,0.0099,0.0146,0.018
12.023300,0.0063,0.0004,0.0143,0.016
12.033372,0.0087,-0.0067,0.0047,0.012
12.044382,-0.0078,-0.0066,0.0093,0.014
12.053243,-0.0053,0.0028,0.0092,0.011
12.063321,0.0111,0.0054,0.0067,0.014
12.073540,0.0063,0.0006,0.0136,0.015
12.083228,-0.0102,0.0007,-0.0031,0.011
12.094229,-0.0031,-0.0088,0.0134,0.016
12.103536,0.0133,0.0079,0.0014,0.015
12.113391,0.0084,-0.0016,0.0085,0.012
12.123975,0.0106,0.0055,0.0036,0.013
12.133666,0.0033,0.0007,0.0059,0.007
12.144572,-0.0039,-0.0017,0.0058,0.007
12.154285,-0.0040,-0.0016,-0.0084,0.009
12.163835,-0.0032,-0.0113,0.0153,0.019
12.174709,0.0212,-0.0356,0.1398,0.146
12.184268,0.0590,-0.0382,0.2952,0.303
12.194112,-0.0875,-0.0211,-0.3477,0.359
12.204166,0.0261,-0.0007,0.1737,0.176
12.214347,0.0092,-0.0044,-0.0081,0.013
12.224271,-0.0098,0.0468,-0.2669,0.271
12.233930,0.7037,0.0551,-0.0058,0.706
12.244287,0.8804,0.1544,-0.0127,0.894
12.254194,0.2821,0.2490,0.0416,0.379
12.263982,0.0163,-0.2491,-0.1733,0.304
12.278187,-0.3462,-0.1616,-0.0574,0.386
12.284117,-0.3309,-0.0333,-0.1130,0.351
12.297510,-0.4247,-0.0270,-0.1347,0.446
12.304207,-0.5689,-0.0458,-0.3655,0.678
12.314146,-0.4958,-0.0204,-0.3500,0.607
12.326643,0.0406,-0.0227,0.4633,0.466
12.334844,-0.0012,-0.1565,0.8134,0.828
